{
  "foods": [
    {
      "id": "1",
      "title": "Spaghetti Carbonara",
      "description": "A classic Italian pasta dish with a creamy egg sauce.",
      "image": "https://foodwithfeeling.com/wp-content/uploads/2021/02/Vegan-Pad-Thai-7-300x300.jpg"
    },
    {
      "id": "2",
      "title": "Chicken Caesar Salad",
      "description": "Crisp romaine lettuce tossed with traditional Caesar dressing, grilled chicken, and croutons.",
      "image": "https://recipes.net/wp-content/uploads/2023/05/mimis-cafes-chicken-caesar-salad-recipe_9419222422c1859ac90db48175cf0b4e-300x300.jpeg"
    },
    {
      "id": "3",
      "title": "Beef Bourguignon",
      "description": "A French stew made with beef braised in red wine and beef broth, flavored with carrots, onions, garlic, and a bouquet garni, and garnished with mushrooms and pearl onions.",
      "image": "https://cookingorgeous.com/wp-content/uploads/2021/01/beef-bourguignon-1-300x300.jpg"
    },
    {
      "id": "4",
      "title": "Vegetable Stir Fry",
      "description": "A quick and healthy mix of assorted vegetables stir-fried with soy sauce and sesame oil.",
      "image": "https://www.forkinthekitchen.com/wp-content/uploads/2022/01/220113.veggie.stir_.fry-0308-300x300.jpg"
    },
    {
      "id": "5",
      "title": "Quiche Lorraine",
      "description": "A savory pie from the Lorraine region of France with a pastry crust filled with eggs, cream, and smoked bacon.",
      "image": "https://bakerbynature.com/wp-content/uploads/2016/11/untitled-20-of-140-1-300x300.jpg"
    },
    {
      "id": "6",
      "title": "Lamb Rogan Josh",
      "description": "Aromatic Kashmiri dish known for its vibrant red color with tender lamb cooked in a spiced gravy.",
      "image": "https://sinfullyspicy.com/wp-content/uploads/2021/01/4-1-300x300.jpg"
    },
    {
      "id": "7",
      "title": "Pad Thai",
      "description": "A famous Thai noodle dish with stir-fried rice noodles, eggs, tofu, shrimp, and flavored with tamarind pulp, fish sauce, garlic, red chili pepper, and palm sugar, garnished with roasted peanuts.",
      "image": "https://foodwithfeeling.com/wp-content/uploads/2021/02/Vegan-Pad-Thai-7-300x300.jpg"
    },
    {
      "id": "8",
      "title": "Fish Tacos",
      "description": "Lightly battered fish served on a soft tortilla with shredded cabbage, a zesty white sauce, and a squeeze of fresh lime.",
      "image": "https://therealkitchen.com/wp-content/uploads/2023/02/bangbangfishtaco-300x300.jpeg"
    },
    {
      "title": "Mushroom Risotto",
      "description": "A creamy Italian rice dish cooked with a variety of mushrooms and parmesan cheese.",
      "image": "https://lovingitvegan.com/wp-content/uploads/2020/08/Vegan-Mushroom-Risotto-Square-300x300.jpg",
      "id": "9"
    },
    {
      "title": "Pumpkin Soup",
      "description": "A creamy, seasonal soup made with pureed pumpkin and a blend of warm spices.",
      "image": "https://adventuresincooking.com/wp-content/uploads/2010/10/Pumpkin-Soup-by-Eva-Kosmas-Flores-300x300.jpg",
      "id": "10"
    },
    {
      "id": "11",
      "title": "denemee",
      "description": "denemee",
      "image": "https://bakerbynature.com/wp-content/uploads/2016/11/untitled-20-of-140-1-300x300.jpg",
      "isDeleted": true
    },
    {
      "title": "efvrgb",
      "description": "sferf yyurynfg",
      "image": "https://bakerbynature.com/wp-content/uploads/2016/11/untitled-20-of-140-1-300x300.jpg",
      "id": "12",
      "isDeleted": true
    },
    {
      "title": "testtt",
      "description": "test",
      "image": "https://bakerbynature.com/wp-content/uploads/2016/11/untitled-20-of-140-1-300x300.jpg",
      "id": "13",
      "isDeleted": true
    },
    {
      "id": "14",
      "title": "test",
      "description": "test",
      "image": "https://bakerbynature.com/wp-content/uploads/2016/11/untitled-20-of-140-1-300x300.jpg",
      "isDeleted": true
    },
    {
      "title": "testttt",
      "description": "test",
      "image": "https://bakerbynature.com/wp-content/uploads/2016/11/untitled-20-of-140-1-300x300.jpg",
      "id": "15",
      "isDeleted": true
    },
    {
      "id": "16",
      "title": "test",
      "description": "test",
      "image": "https://bakerbynature.com/wp-content/uploads/2016/11/untitled-20-of-140-1-300x300.jpg",
      "isDeleted": true
    },
    {
      "title": "testttt",
      "description": "testt",
      "image": "https://bakerbynature.com/wp-content/uploads/2016/11/untitled-20-of-140-1-300x300.jpg",
      "id": "17",
      "isDeleted": true
    },
    {
      "title": "test",
      "description": "testt",
      "image": "https://bakerbynature.com/wp-content/uploads/2016/11/untitled-20-of-140-1-300x300.jpg",
      "id": "18",
      "isDeleted": true
    },
    {
      "id": "19",
      "title": "deneme",
      "description": "deneme",
      "image": "https://bakerbynature.com/wp-content/uploads/2016/11/untitled-20-of-140-1-300x300.jpg",
      "isDeleted": true
    },
    {
      "title": "denemeee",
      "description": "deneme",
      "image": "https://bakerbynature.com/wp-content/uploads/2016/11/untitled-20-of-140-1-300x300.jpg",
      "id": "20",
      "isDeleted": true
    },
    {
      "title": "denemeee",
      "description": "deneme",
      "image": "https://bakerbynature.com/wp-content/uploads/2016/11/untitled-20-of-140-1-300x300.jpg",
      "id": "21",
      "isDeleted": true
    },
    {
      "id": "22",
      "title": "test",
      "description": "test",
      "image": "https://bakerbynature.com/wp-content/uploads/2016/11/untitled-20-of-140-1-300x300.jpg",
      "isDeleted": true
    }
  ]
}